"Team","Country","League","ATT","MID","DEF","OVR"
"Manchester City","England","Premier League","85","87","84","85"
"Real Madrid","Spain","LaLiga Santander","85","85","84","85"
"FC Bayern München","Germany","Bundesliga","83","85","84","85"
"Paris SG","France","Ligue 1 Uber Eats","91","83","83","84"
"Liverpool","England","Premier League","84","82","84","84"
"Inter","Italy","Serie A TIM","85","82","83","83"
"Atlético de Madrid","Spain","LaLiga Santander","84","83","81","83"
"FC Barcelona","Spain","LaLiga Santander","83","85","82","83"
"Chelsea","England","Premier League","83","79","83","83"
"Spurs","England","Premier League","84","83","80","82"
"Manchester Utd","England","Premier League","82","83","81","82"
"Juventus","Italy","Serie A TIM","82","81","81","82"
"RB Leipzig","Germany","Bundesliga","83","81","80","81"
"Borussia Dortmund","Germany","Bundesliga","82","80","81","81"
"Arsenal","England","Premier League","81","83","80","81"
"Milan","Italy","Serie A TIM","80","81","81","81"
"Sevilla FC","Spain","LaLiga Santander","79","82","79","81"
"Villarreal CF","Spain","LaLiga Santander","82","80","79","80"
"Roma","Italy","Serie A TIM","82","77","81","80"
"Napoli FC","Italy","Serie A TIM","80","81","80","80"
"Leicester City","England","Premier League","82","80","76","79"
"Real Betis","Spain","LaLiga Santander","80","81","76","79"
"Latium","Italy","Serie A TIM","80","80","77","79"
"Leverkusen","Germany","Bundesliga","80","79","80","79"
"SL Benfica","Portugal","Liga Portugal","80","79","78","79"
"Athletic Club","Spain","LaLiga Santander","80","78","79","79"
"West Ham","England","Premier League","79","80","78","79"
"Newcastle Utd","England","Premier League","79","78","79","79"
"Real Sociedad","Spain","LaLiga Santander","78","80","78","79"
"Aston Villa","England","Premier League","78","79","79","79"
"Bergamo Calcio","Italy","Serie A TIM","78","79","77","79"
"FC Porto","Portugal","Liga Portugal","80","78","76","78"
"OM","France","Ligue 1 Uber Eats","79","78","77","78"
"Wolves","England","Premier League","78","80","74","78"
"Frankfurt","Germany","Bundesliga","78","78","77","78"
"Sporting CP","Portugal","Liga Portugal","77","79","78","78"
"Fiorentina","Italy","Serie A TIM","77","78","78","78"
"AS Monaco","France","Ligue 1 Uber Eats","81","77","77","77"
"Ajax","Netherlands","Eredivisie","79","78","76","77"
"M'gladbach","Germany","Bundesliga","79","78","76","77"
"RCD Espanyol","Spain","LaLiga Santander","79","77","76","77"
"Everton","England","Premier League","78","77","76","77"
"RC Celta","Spain","LaLiga Santander","77","77","77","77"
"TSG Hoffenheim","Germany","Bundesliga","77","77","76","77"
"Stade Rennais FC","France","Ligue 1 Uber Eats","77","77","76","77"
"Getafe CF","Spain","LaLiga Santander","76","78","76","77"
"OL","France","Ligue 1 Uber Eats","75","76","77","77"
"Nott'm Forest","England","Premier League","75","76","77","77"
"Galatasaray","Turkey","Süper Lig","79","76","74","76"
"Rayo Vallecano","Spain","LaLiga Santander","79","75","76","76"
"Palmeiras","Brazil","Libertadores","78","77","74","76"
"Valencia CF","Spain","LaLiga Santander","78","75","77","76"
"Crystal Palace","England","Premier League","77","76","76","76"
"Leeds United","England","Premier League","77","76","75","76"
"Fenerbahçe","Turkey","Süper Lig","77","76","74","76"
"Fulham","England","Premier League","77","76","74","76"
"SC Freiburg","Germany","Bundesliga","77","75","77","76"
"OGC Nice","France","Ligue 1 Uber Eats","77","75","76","76"
"Flamengo","Brazil","Libertadores","77","75","75","76"
"PSV","Netherlands","Eredivisie","76","77","74","76"
"VfL Wolfsburg","Germany","Bundesliga","76","76","76","76"
"River Plate","Argentina","LPF","76","76","75","76"
"Southampton","England","Premier League","76","72","76","76"
"CA Osasuna","Spain","LaLiga Santander","75","77","76","76"
"SC Braga","Portugal","Liga Portugal","75","77","74","76"
"Brighton","England","Premier League","75","76","77","76"
"Trabzonspor","Turkey","Süper Lig","74","76","75","76"
"Bologna","Italy","Serie A TIM","82","74","73","75"
"Girona FC","Spain","LaLiga Santander","77","76","74","75"
"LOSC Lille","France","Ligue 1 Uber Eats","77","75","76","75"
"Sassuolo","Italy","Serie A TIM","77","75","73","75"
"Udinese","Italy","Serie A TIM","77","74","74","75"
"Monza","Italy","Serie A TIM","76","75","75","75"
"Brentford","England","Premier League","76","75","74","75"
"1. FSV Mainz 05","Germany","Bundesliga","76","75","74","75"
"FC Nantes","France","Ligue 1 Uber Eats","76","75","72","75"
"Union Berlin","Germany","Bundesliga","76","74","75","75"
"RC Lens","France","Ligue 1 Uber Eats","75","76","75","75"
"Boca Juniors","Argentina","LPF","75","75","75","75"
"RCD Mallorca","Spain","LaLiga Santander","75","75","75","75"
"Club Brugge","Belgium","1A Pro League","75","75","74","75"
"Cádiz CF","Spain","LaLiga Santander","75","74","75","75"
"R. Valladolid CF","Spain","LaLiga Santander","74","74","74","75"
"Atlético Mineiro","Brazil","Libertadores","73","77","76","75"
"Feyenoord","Netherlands","Eredivisie","73","77","74","75"
"Strasbourg","France","Ligue 1 Uber Eats","77","74","73","74"
"Torino","Italy","Serie A TIM","76","74","73","74"
"Salernitana","Italy","Serie A TIM","76","73","72","74"
"AEK Athens",NA,"Rest of World","75","75","73","74"
"Hertha Berlin","Germany","Bundesliga","75","75","73","74"
"AZ","Netherlands","Eredivisie","75","75","71","74"
"Elche CF","Spain","LaLiga Santander","75","73","73","74"
"Montpellier","France","Ligue 1 Uber Eats","74","76","73","74"
"Celtic","Scotland","cinch Prem","74","75","73","74"
"VfB Stuttgart","Germany","Bundesliga","74","74","76","74"
"RB Bragantino","Brazil","Libertadores","74","74","75","74"
"Empoli","Italy","Serie A TIM","74","73","72","74"
"Athletico-PR","Brazil","Libertadores","74","72","75","74"
"FC Augsburg","Germany","Bundesliga","73","74","74","74"
"Beşiktaş","Turkey","Süper Lig","73","74","74","74"
"UD Almería","Spain","LaLiga Santander","73","74","73","74"
"Hellas Verona","Italy","Serie A TIM","73","74","72","74"
"Racing Club","Argentina","LPF","72","74","73","74"
"Slavia Praha",NA,"Rest of World","72","74","72","74"
"AFC Bournemouth","England","Premier League","72","73","73","74"
"1. FC Köln","Germany","Bundesliga","71","74","74","74"
"Internacional","CONMEBOL","Sudamericana","71","73","75","74"
"Al Nassr","Saudi Arabia","ROSHN Saudi League","88","71","72","73"
"Başakşehir","Turkey","Süper Lig","76","73","71","73"
"Al Hilal","Saudi Arabia","ROSHN Saudi League","75","74","70","73"
"Granada CF","Spain","LaLiga SmartBank","75","73","71","73"
"SV Werder Bremen","Germany","Bundesliga","75","71","74","73"
"Corinthians","Brazil","Libertadores","74","73","74","73"
"Burnley","England","EFL Championship","74","73","73","73"
"Rangers","Scotland","cinch Prem","74","72","74","73"
"Sampdoria","Italy","Serie A TIM","74","72","73","73"
"Santos","CONMEBOL","Sudamericana","74","72","73","73"
"La Spezia","Italy","Serie A TIM","74","72","72","73"
"PAOK FC",NA,"Rest of World","74","72","70","73"
"Sparta Praha",NA,"Rest of World","74","71","73","73"
"FC Schalke 04","Germany","Bundesliga","74","71","72","73"
"Stade Brestois 29","France","Ligue 1 Uber Eats","73","73","72","73"
"VfL Bochum","Germany","Bundesliga","73","73","72","73"
"Levante UD","Spain","LaLiga SmartBank","72","75","72","73"
"São Paulo","CONMEBOL","Sudamericana","72","73","73","73"
"Panathinaikos",NA,"Rest of World","72","73","72","73"
"Watford","England","EFL Championship","72","71","74","73"
"Lecce","Italy","Serie A TIM","72","71","73","73"
"Viktoria Plzeň",NA,"Rest of World","71","74","72","73"
"KAA Gent","Belgium","1A Pro League","71","73","73","73"
"Fluminense","CONMEBOL","Sudamericana","74","73","71","72"
"ESTAC Troyes","France","Ligue 1 Uber Eats","74","73","70","72"
"RB Salzburg","Austria","Ö. Bundesliga","74","72","72","72"
"FC Lorient","France","Ligue 1 Uber Eats","74","71","72","72"
"Royal Antwerp FC","Belgium","1A Pro League","74","70","74","72"
"Vélez Sarsfield","Argentina","LPF","74","70","72","72"
"LAFC","USA / Canada","MLS","73","73","72","72"
"West Brom","England","EFL Championship","73","72","71","72"
"Genoa","Italy","Serie BKT","73","71","72","72"
"KRC Genk","Belgium","1A Pro League","72","73","72","72"
"UD Las Palmas","Spain","LaLiga SmartBank","72","72","72","72"
"Dinamo Zagreb",NA,"Rest of World","72","72","72","72"
"Antalyaspor","Turkey","Süper Lig","72","72","70","72"
"RSC Anderlecht","Belgium","1A Pro League","72","71","73","72"
"Norwich","England","EFL Championship","72","71","72","72"
"SD Eibar","Spain","LaLiga SmartBank","72","71","71","72"
"Toulouse FC","France","Ligue 1 Uber Eats","71","74","71","72"
"F.C. København","Denmark","3F Superliga","71","74","70","72"
"Sheffield Utd","England","EFL Championship","71","73","72","72"
"Ceará SC","CONMEBOL","Sudamericana","71","72","72","72"
"Stade de Reims","France","Ligue 1 Uber Eats","71","72","71","72"
"Atlético-GO","CONMEBOL","Sudamericana","71","71","73","72"
"Dynamo Kyiv",NA,"Rest of World","70","73","71","72"
"D. Alavés","Spain","LaLiga SmartBank","70","71","72","72"
"Middlesbrough","England","EFL Championship","68","70","72","72"
"Al Ittihad","Saudi Arabia","ROSHN Saudi League","76","73","67","71"
"Adana Demirspor","Turkey","Süper Lig","73","71","72","71"
"Lanús","Argentina","LPF","73","71","71","71"
"AS Saint-Étienne","France","Ligue 2 BKT","73","69","70","71"
"FC Twente","Netherlands","Eredivisie","72","71","71","71"
"AJ Auxerre","France","Ligue 1 Uber Eats","72","71","71","71"
"BSC Young Boys","Switzerland","CSSL","72","71","70","71"
"Tigre","Argentina","LPF","72","71","69","71"
"Al Shabab","Saudi Arabia","ROSHN Saudi League","72","71","69","71"
"Estudiantes","Argentina","LPF","71","72","70","71"
"Ferencvárosi TC",NA,"Rest of World","71","72","69","71"
"Hamburger SV","Germany","Bundesliga 2","71","72","69","71"
"Cremonese","Italy","Serie A TIM","71","71","72","71"
"Fortaleza","Brazil","Libertadores","71","71","71","71"
"Düsseldorf","Germany","Bundesliga 2","71","71","71","71"
"FC Utrecht","Netherlands","Eredivisie","71","71","71","71"
"Angers SCO","France","Ligue 1 Uber Eats","71","70","71","71"
"Libertad","Brazil","Libertadores","71","68","72","71"
"Argentinos Jrs.","Argentina","LPF","70","68","72","71"
"R. Union St.-G.","Belgium","1A Pro League","68","71","71","71"
"Gil Vicente","Portugal","Liga Portugal","75","70","69","70"
"Toronto FC","USA / Canada","MLS","74","70","68","70"
"Sounders FC","USA / Canada","MLS","72","71","69","70"
"Philadelphia","USA / Canada","MLS","72","70","70","70"
"Hajduk Split",NA,"Rest of World","72","70","70","70"
"R. Oviedo","Spain","LaLiga SmartBank","72","69","69","70"
"Cagliari","Italy","Serie BKT","72","68","68","70"
"Kasımpaşa","Turkey","Süper Lig","71","71","70","70"
"Atl. Nacional",NA,"Rest of World","71","71","70","70"
"Venezia","Italy","Serie BKT","71","71","68","70"
"Karagümrük SK","Turkey","Süper Lig","71","71","65","70"
"Ulsan Hyundai","South Korea","K League 1","71","70","70","70"
"Blackburn Rovers","England","EFL Championship","71","70","70","70"
"Inter Miami CF","USA / Canada","MLS","71","70","69","70"
"Talleres","Argentina","LPF","71","70","69","70"
"Huracán","Argentina","LPF","71","70","69","70"
"Hull City","England","EFL Championship","71","70","68","70"
"Casa Pia AC","Portugal","Liga Portugal","71","69","70","70"
"Defensa","Argentina","LPF","71","69","69","70"
"QPR","England","EFL Championship","71","68","71","70"
"Alanyaspor","Turkey","Süper Lig","71","68","69","70"
"Coventry City","England","EFL Championship","70","72","69","70"
"Portland Timbers","USA / Canada","MLS","70","71","70","70"
"AC Ajaccio","France","Ligue 1 Uber Eats","70","71","70","70"
"Hearts","Scotland","cinch Prem","70","71","68","70"
"Millwall","England","EFL Championship","70","70","71","70"
"Independiente","Argentina","LPF","70","70","70","70"
"América de Cali","CONMEBOL","Sudamericana","70","70","70","70"
"Estoril Praia","Portugal","Liga Portugal","70","70","70","70"
"Vitória SC","Portugal","Liga Portugal","70","70","68","70"
"Parma","Italy","Serie BKT","70","70","67","70"
"SV Darmstadt 98","Germany","Bundesliga 2","70","69","72","70"
"Colón","Argentina","LPF","70","69","71","70"
"Boavista FC","Portugal","Liga Portugal","70","69","70","70"
"Hannover 96","Germany","Bundesliga 2","70","69","70","70"
"Uni. Católica","Brazil","Libertadores","70","67","70","70"
"FC Midtjylland","Denmark","3F Superliga","69","71","71","70"
"LASK","Austria","Ö. Bundesliga","69","71","69","70"
"Cuiabá","CONMEBOL","Sudamericana","69","70","71","70"
"Real Zaragoza","Spain","LaLiga SmartBank","69","70","71","70"
"Shakhtar Donetsk",NA,"Rest of World","69","70","70","70"
"FC Famalicão","Portugal","Liga Portugal","69","70","69","70"
"América Mineiro","Brazil","Libertadores","69","69","71","70"
"Unión","Argentina","LPF","69","69","70","70"
"Arminia Bielefeld","Germany","Bundesliga 2","69","69","70","70"
"Clermont Foot 63","France","Ligue 1 Uber Eats","68","72","69","70"
"FC Cartagena","Spain","LaLiga SmartBank","68","71","69","70"
"Marítimo","Portugal","Liga Portugal","68","69","71","70"
"Portimonense SC","Portugal","Liga Portugal","68","69","70","70"
"1. FC Nürnberg","Germany","Bundesliga 2","68","69","70","70"
"Mamelodi Sundowns",NA,"Rest of World","66","70","69","70"
"Preston","England","EFL Championship","66","70","69","70"
"Al Ain FC",NA,"Rest of World","77","69","69","69"
"Columbus Crew","USA / Canada","MLS","76","69","67","69"
"Hatayspor","Turkey","Süper Lig","75","69","68","69"
"OH Leuven","Belgium","1A Pro League","74","70","68","69"
"D.C. United","USA / Canada","MLS","73","71","68","69"
"Kayserispor","Turkey","Süper Lig","73","70","68","69"
"Sporting KC","USA / Canada","MLS","72","71","67","69"
"Orlando City","USA / Canada","MLS","72","70","67","69"
"Nashville SC","USA / Canada","MLS","72","69","70","69"
"Lech Poznań","Poland","PKO Ekstraklasa","72","69","69","69"
"SJ Earthquakes","USA / Canada","MLS","72","69","68","69"
"Shandong Taishan","China","CSL","72","69","67","69"
"Heidenheim","Germany","Bundesliga 2","72","68","70","69"
"Jeonbuk Hyundai","South Korea","K League 1","72","67","70","69"
"Rio Ave FC","Portugal","Liga Portugal","71","69","70","69"
"Sivasspor","Turkey","Süper Lig","71","69","67","69"
"Red Bulls","USA / Canada","MLS","71","68","68","69"
"Fortuna Sittard","Netherlands","Eredivisie","71","68","68","69"
"Brøndby IF","Denmark","3F Superliga","71","68","67","69"
"Central Córdoba","Argentina","LPF","71","67","69","69"
"LA Galaxy","USA / Canada","MLS","70","73","67","69"
"KV Mechelen","Belgium","1A Pro League","70","71","67","69"
"Luton Town","England","EFL Championship","70","70","69","69"
"Reading","England","EFL Championship","70","70","68","69"
"New England","USA / Canada","MLS","70","69","70","69"
"Olimpia","Brazil","Libertadores","70","69","69","69"
"Bari","Italy","Serie BKT","70","69","68","69"
"Como","Italy","Serie BKT","70","69","68","69"
"San Lorenzo","Argentina","LPF","70","69","68","69"
"Birmingham City","England","EFL Championship","70","69","68","69"
"Burgos CF","Spain","LaLiga SmartBank","70","69","67","69"
"SC Paderborn 07","Germany","Bundesliga 2","70","69","67","69"
"Cercle Brugge","Belgium","1A Pro League","70","69","66","69"
"Standard Liège","Belgium","1A Pro League","70","68","70","69"
"Konyaspor","Turkey","Süper Lig","70","68","69","69"
"Santa Clara","Portugal","Liga Portugal","70","68","68","69"
"Austin FC","USA / Canada","MLS","69","72","67","69"
"FC Vizela","Portugal","Liga Portugal","69","70","69","69"
"Swansea City","England","EFL Championship","69","70","68","69"
"Pisa","Italy","Serie BKT","69","69","71","69"
"Arouca","Portugal","Liga Portugal","69","69","69","69"
"Stoke City","England","EFL Championship","69","69","69","69"
"Frosinone","Italy","Serie BKT","69","69","68","69"
"SD Huesca","Spain","LaLiga SmartBank","69","69","68","69"
"Apoel FC",NA,"Rest of World","69","69","68","69"
"Holstein Kiel","Germany","Bundesliga 2","69","69","68","69"
"R. Sporting","Spain","LaLiga SmartBank","69","68","70","69"
"LDU Quito","CONMEBOL","Sudamericana","69","68","69","69"
"Orlando Pirates",NA,"Rest of World","69","68","69","69"
"Benevento","Italy","Serie BKT","69","68","68","69"
"Palermo","Italy","Serie BKT","69","68","68","69"
"Reggina","Italy","Serie BKT","69","68","68","69"
"Minnesota United","USA / Canada","MLS","68","72","67","69"
"Karlsruher SC","Germany","Bundesliga 2","68","71","68","69"
"Sp. Charleroi","Belgium","1A Pro League","68","71","67","69"
"MKE Ankaragücü","Turkey","Süper Lig","68","70","70","69"
"SK Sturm Graz","Austria","Ö. Bundesliga","68","70","70","69"
"Gaziantep","Turkey","Süper Lig","68","70","68","69"
"Vitesse","Netherlands","Eredivisie","68","69","70","69"
"Paços Ferreira","Portugal","Liga Portugal","68","69","70","69"
"Paris FC","France","Ligue 2 BKT","68","69","69","69"
"Ascoli","Italy","Serie BKT","68","69","67","69"
"sc Heerenveen","Netherlands","Eredivisie","68","68","70","69"
"SV Sandhausen","Germany","Bundesliga 2","68","68","69","69"
"CD Tenerife","Spain","LaLiga SmartBank","68","68","68","69"
"N.E.C. Nijmegen","Netherlands","Eredivisie","67","72","68","69"
"FK Bodø/Glimt","Norway","Eliteserien","67","71","71","69"
"Bristol City","England","EFL Championship","67","70","69","69"
"FC St. Pauli","Germany","Bundesliga 2","67","70","68","69"
"Newell's","Argentina","LPF","67","69","70","69"
"Nacional","Brazil","Libertadores","67","69","69","69"
"Malmö FF","Sweden","Allsvenskan","67","69","69","69"
"Huddersfield","England","EFL Championship","67","67","69","69"
"Wigan Athletic","England","EFL Championship","66","69","69","69"
"FC Basel 1893","Switzerland","CSSL","66","69","68","69"
"FC Sion","Switzerland","CSSL","77","68","65","68"
"FC Dallas","USA / Canada","MLS","75","69","65","68"
"FC Seoul","South Korea","K League 1","75","68","65","68"
"Charlotte FC","USA / Canada","MLS","74","68","67","68"
"New York City FC","USA / Canada","MLS","73","69","67","68"
"Colorado Rapids","USA / Canada","MLS","73","68","68","68"
"SK Rapid Wien","Austria","Ö. Bundesliga","72","68","65","68"
"Wuhan 3 Towns","China","CSL","72","67","67","68"
"Molde FK","Norway","Eliteserien","72","66","68","68"
"Cerro Porteño","Brazil","Libertadores","71","69","65","68"
"Whitecaps FC","USA / Canada","MLS","71","68","67","68"
"Málaga CF","Spain","LaLiga SmartBank","71","68","67","68"
"Sunderland","England","EFL Championship","71","68","67","68"
"FBC Melgar","CONMEBOL","Sudamericana","71","67","67","68"
"FC Cincinnati","USA / Canada","MLS","70","70","65","68"
"Zulte Waregem","Belgium","1A Pro League","70","69","67","68"
"Servette FC","Switzerland","CSSL","70","69","66","68"
"Kaiserslautern","Germany","Bundesliga 2","70","68","68","68"
"Sporting Cristal","Brazil","Libertadores","70","68","67","68"
"Al Fateh","Saudi Arabia","ROSHN Saudi League","70","67","66","68"
"Ümraniyespor","Turkey","Süper Lig","70","66","67","68"
"Ternana","Italy","Serie BKT","70","66","67","68"
"AaB","Denmark","3F Superliga","69","69","67","68"
"Djurgårdens IF","Sweden","Allsvenskan","69","69","67","68"
"CF Montréal","USA / Canada","MLS","69","68","69","68"
"Raków","Poland","PKO Ekstraklasa","69","68","68","68"
"Sarmiento","Argentina","LPF","69","68","68","68"
"FC Metz","France","Ligue 2 BKT","69","67","69","68"
"UD Ibiza","Spain","LaLiga SmartBank","69","67","68","68"
"Hansa Rostock","Germany","Bundesliga 2","69","67","68","68"
"Modena","Italy","Serie BKT","69","67","67","68"
"Indep. Medellín","CONMEBOL","Sudamericana","69","67","66","68"
"Kaizer Chiefs",NA,"Rest of World","69","65","67","68"
"Independiente DV","Brazil","Libertadores","68","70","67","68"
"FCSM","France","Ligue 2 BKT","68","69","68","68"
"Bordeaux","France","Ligue 2 BKT","68","68","71","68"
"Atlético Tucumán","Argentina","LPF","68","68","70","68"
"Platense","Argentina","LPF","68","68","68","68"
"GD Chaves","Portugal","Liga Portugal","68","68","68","68"
"Godoy Cruz","Argentina","LPF","68","68","67","68"
"Jahn Regensburg","Germany","Bundesliga 2","68","68","67","68"
"FCSB",NA,"SUPERLIGA","68","68","66","68"
"KV Kortrijk","Belgium","1A Pro League","68","68","66","68"
"KV Oostende","Belgium","1A Pro League","68","68","66","68"
"AGF","Denmark","3F Superliga","68","67","68","68"
"Blackpool","England","EFL Championship","68","67","67","68"
"CFR 1907 Cluj",NA,"SUPERLIGA","67","69","68","68"
"Legia Warszawa","Poland","PKO Ekstraklasa","67","69","67","68"
"FC Zürich","Switzerland","CSSL","67","69","67","68"
"CD Leganés","Spain","LaLiga SmartBank","67","68","69","68"
"Fürth","Germany","Bundesliga 2","67","68","69","68"
"Banfield","Argentina","LPF","67","68","68","68"
"Cardiff City","England","EFL Championship","67","68","68","68"
"Rosario Central","Argentina","LPF","67","67","69","68"
"Pogoń Szczecin","Poland","PKO Ekstraklasa","67","67","68","68"
"Univ. Craiova",NA,"SUPERLIGA","67","67","67","68"
"SPAL","Italy","Serie BKT","66","69","65","68"
"Brescia","Italy","Serie BKT","66","68","69","68"
"KVC Westerlo","Belgium","1A Pro League","66","68","68","68"
"SD Ponferradina","Spain","LaLiga SmartBank","66","68","67","68"
"Shanghai Port","China","CSL","66","63","66","68"
"SM Caen","France","Ligue 2 BKT","65","68","69","68"
"Atlanta United","USA / Canada","MLS","63","70","69","68"
"Melbourne City","Australia","A-League","75","68","65","67"
"Al Taawoun","Saudi Arabia","ROSHN Saudi League","74","69","63","67"
"KAS Eupen","Belgium","1A Pro League","72","67","64","67"
"Real Salt Lake","USA / Canada","MLS","71","67","66","67"
"Peterborough","England","EFL League One","71","65","66","67"
"Al Fayha","Saudi Arabia","ROSHN Saudi League","70","69","62","67"
"CS Emelec","Brazil","Libertadores","70","67","66","67"
"Houston Dynamo","USA / Canada","MLS","70","67","66","67"
"En Avant Guingamp","France","Ligue 2 BKT","70","66","66","67"
"Al Raed","Saudi Arabia","ROSHN Saudi League","70","65","65","67"
"Chicago Fire FC","USA / Canada","MLS","69","68","67","67"
"FC Groningen","Netherlands","Eredivisie","69","67","63","67"
"U. Católica","CONMEBOL","Sudamericana","69","66","67","67"
"Deportes Tolima","Brazil","Libertadores","69","66","67","67"
"FK Austria Wien","Austria","Ö. Bundesliga","69","66","67","67"
"Dijon FCO","France","Ligue 2 BKT","69","66","66","67"
"Hibernian","Scotland","cinch Prem","69","66","64","67"
"STVV","Belgium","1A Pro League","68","68","67","67"
"Melb. Victory","Australia","A-League","68","68","65","67"
"Braunschweig","Germany","Bundesliga 2","68","67","67","67"
"Rotherham Utd","England","EFL Championship","68","67","67","67"
"Junior","CONMEBOL","Sudamericana","68","67","66","67"
"Rosenborg BK","Norway","Eliteserien","68","67","66","67"
"Derby County","England","EFL League One","68","67","66","67"
"CD Lugo","Spain","LaLiga SmartBank","68","66","67","67"
"Grasshopper Club","Switzerland","CSSL","68","66","67","67"
"Valenciennes FC","France","Ligue 2 BKT","68","65","67","67"
"Nîmes Olympique","France","Ligue 2 BKT","68","65","63","67"
"Gimnasia","Argentina","LPF","68","64","70","67"
"Albacete BP","Spain","LaLiga SmartBank","67","68","67","67"
"Sheffield Wed","England","EFL League One","67","68","67","67"
"Suwon Samsung","South Korea","K League 1","67","68","67","67"
"Ipswich","England","EFL League One","67","68","67","67"
"CD Mirandés","Spain","LaLiga SmartBank","67","68","64","67"
"Damac FC","Saudi Arabia","ROSHN Saudi League","67","67","67","67"
"AIK","Sweden","Allsvenskan","67","67","67","67"
"1. FC Magdeburg","Germany","Bundesliga 2","67","66","68","67"
"Pohang Steelers","South Korea","K League 1","67","66","68","67"
"BK Häcken","Sweden","Allsvenskan","66","71","66","67"
"Colo-Colo","Brazil","Libertadores","66","71","65","67"
"Alianza Lima","Brazil","Libertadores","66","69","65","67"
"FC Lugano","Switzerland","CSSL","66","69","65","67"
"The Strongest","Brazil","Libertadores","66","68","66","67"
"Sparta Rotterdam","Netherlands","Eredivisie","66","68","66","67"
"SC Cambuur","Netherlands","Eredivisie","66","68","65","67"
"Cienciano","CONMEBOL","Sudamericana","66","67","68","67"
"R. Racing Club","Spain","LaLiga SmartBank","66","67","68","67"
"Randers FC","Denmark","3F Superliga","66","67","67","67"
"FC Luzern","Switzerland","CSSL","66","65","67","67"
"FC Nordsjælland","Denmark","3F Superliga","65","69","67","67"
"Barracas Central","Argentina","LPF","65","69","65","67"
"Perugia","Italy","Serie BKT","65","67","67","67"
"Havre AC","France","Ligue 2 BKT","65","65","68","67"
"Ettifaq FC","Saudi Arabia","ROSHN Saudi League","64","69","66","67"
"Cosenza","Italy","Serie BKT","64","66","68","67"
"Al Wehda","Saudi Arabia","ROSHN Saudi League","76","67","63","66"
"Abha Club","Saudi Arabia","ROSHN Saudi League","73","66","63","66"
"IFK Göteborg","Sweden","Allsvenskan","70","65","66","66"
"Beijing Guoan","China","CSL","69","67","63","66"
"Sydney FC","Australia","A-League","69","65","66","66"
"Giresunspor","Turkey","Süper Lig","68","67","66","66"
"Wolfsberger AC","Austria","Ö. Bundesliga","68","67","66","66"
"Villarreal CF B","Spain","LaLiga SmartBank","68","67","66","66"
"Jagiellonia","Poland","PKO Ekstraklasa","68","67","64","66"
"Amiens SC","France","Ligue 2 BKT","68","66","66","66"
"FC Andorra","Spain","LaLiga SmartBank","68","66","65","66"
"Südtirol","Italy","Serie BKT","68","66","64","66"
"Lechia Gdańsk","Poland","PKO Ekstraklasa","68","65","65","66"
"TSV Hartberg","Austria","Ö. Bundesliga","68","65","65","66"
"FC Rapid 1923",NA,"SUPERLIGA","67","66","66","66"
"Western United","Australia","A-League","67","65","67","66"
"Cerro Largo","CONMEBOL","Sudamericana","67","65","66","66"
"WS Wanderers","Australia","A-League","67","65","66","66"
"RKC Waalwijk","Netherlands","Eredivisie","67","65","66","66"
"Viking FK","Norway","Eliteserien","67","65","66","66"
"Incheon United","South Korea","K League 1","66","70","65","66"
"Jeju United","South Korea","K League 1","66","68","64","66"
"Sport Boys","CONMEBOL","Sudamericana","66","67","66","66"
"Piast Gliwice","Poland","PKO Ekstraklasa","66","67","65","66"
"FC Ingolstadt 04","Germany","3. Liga","66","66","66","66"
"Dundee United","Scotland","cinch Prem","66","66","66","66"
"Aberdeen","Scotland","cinch Prem","66","66","66","66"
"1860 München","Germany","3. Liga","66","66","66","66"
"Radomiak Radom","Poland","PKO Ekstraklasa","66","66","65","66"
"FC Emmen","Netherlands","Eredivisie","66","66","65","66"
"FC St. Gallen","Switzerland","CSSL","66","66","65","66"
"Saarbrücken","Germany","3. Liga","66","66","65","66"
"Plymouth Argyle","England","EFL League One","66","65","67","66"
"Wycombe","England","EFL League One","66","65","66","66"
"Deportivo Cali","Brazil","Libertadores","65","68","66","66"
"Stade Lavallois","France","Ligue 2 BKT","65","67","65","66"
"Wanderers","CONMEBOL","Sudamericana","65","66","66","66"
"SV Waldhof","Germany","3. Liga","65","66","66","66"
"Go Ahead Eagles","Netherlands","Eredivisie","65","66","66","66"
"Silkeborg IF","Denmark","3F Superliga","65","66","66","66"
"Sepsi OSK",NA,"SUPERLIGA","65","66","65","66"
"Excelsior","Netherlands","Eredivisie","65","66","65","66"
"Dynamo Dresden","Germany","3. Liga","65","66","65","66"
"Charlton Ath","England","EFL League One","65","66","65","66"
"Portsmouth","England","EFL League One","65","65","65","66"
"IF Elfsborg","Sweden","Allsvenskan","65","64","68","66"
"La Equidad","CONMEBOL","Sudamericana","64","66","67","66"
"Liverpool","CONMEBOL","Sudamericana","64","66","67","66"
"Grenoble Foot 38","France","Ligue 2 BKT","64","66","66","66"
"Cittadella","Italy","Serie BKT","64","66","65","66"
"Vålerenga Fotball","Norway","Eliteserien","64","65","67","66"
"Zagłębie Lubin","Poland","PKO Ekstraklasa","64","65","65","66"
"Shenzhen FC","China","CSL","71","63","62","65"
"Al Adalah","Saudi Arabia","ROSHN Saudi League","70","63","61","65"
"Suwon FC","South Korea","K League 1","69","66","64","65"
"Austria Klagenfurt","Austria","Ö. Bundesliga","68","65","66","65"
"Always Ready","Brazil","Libertadores","67","66","65","65"
"IFK Norrköping","Sweden","Allsvenskan","67","66","64","65"
"Lillestrøm SK","Norway","Eliteserien","67","66","64","65"
"Al Khaleej","Saudi Arabia","ROSHN Saudi League","67","66","62","65"
"Daegu FC","South Korea","K League 1","67","65","65","65"
"FC Annecy","France","Ligue 2 BKT","67","65","63","65"
"Al Tai","Saudi Arabia","ROSHN Saudi League","66","67","62","65"
"Unión La Calera","CONMEBOL","Sudamericana","66","66","65","65"
"Śląsk Wrocław","Poland","PKO Ekstraklasa","66","66","65","65"
"Odense BK","Denmark","3F Superliga","66","66","64","65"
"Shanghai Shenhua","China","CSL","66","66","61","65"
"Peñarol","Brazil","Libertadores","66","65","67","65"
"Ind. Petrolero","Brazil","Libertadores","66","65","65","65"
"Quevilly Rouen","France","Ligue 2 BKT","66","65","65","65"
"Cracovia","Poland","PKO Ekstraklasa","66","65","65","65"
"FC Volendam","Netherlands","Eredivisie","66","65","64","65"
"SV Ried","Austria","Ö. Bundesliga","66","65","63","65"
"Gangwon FC","South Korea","K League 1","65","66","64","65"
"Rodez AF","France","Ligue 2 BKT","65","66","64","65"
"Gimcheon Sangmu","South Korea","K League 1","65","66","62","65"
"Hammarby IF","Sweden","Allsvenskan","65","65","67","65"
"FC Voluntari",NA,"SUPERLIGA","65","65","66","65"
"Barnsley","England","EFL League One","65","65","66","65"
"Pau FC","France","Ligue 2 BKT","65","65","65","65"
"Bolton","England","EFL League One","65","65","65","65"
"Delfín S.C.","CONMEBOL","Sudamericana","65","65","64","65"
"Wisła Płock","Poland","PKO Ekstraklasa","65","65","63","65"
"Arsenal","Argentina","LPF","65","64","65","65"
"Wehen Wiesbaden","Germany","3. Liga","65","64","65","65"
"RFC Seraing","Belgium","1A Pro League","65","64","64","65"
"FC Univ. Cluj",NA,"SUPERLIGA","65","64","64","65"
"Oxford United","England","EFL League One","64","67","65","65"
"Viborg FF","Denmark","3F Superliga","64","67","65","65"
"Metropolitanos","CONMEBOL","Sudamericana","64","66","65","65"
"Guaireña","CONMEBOL","Sudamericana","64","66","64","65"
"Viktoria Köln","Germany","3. Liga","64","65","65","65"
"Farul Constanța",NA,"SUPERLIGA","64","65","65","65"
"VfL Osnabrück","Germany","3. Liga","64","65","65","65"
"Dep. La Guaira","CONMEBOL","Sudamericana","64","65","64","65"
"Miedź Legnica","Poland","PKO Ekstraklasa","64","65","64","65"
"UTA Arad",NA,"SUPERLIGA","64","65","64","65"
"WSG Tirol","Austria","Ö. Bundesliga","64","65","64","65"
"FC Erzgebirge Aue","Germany","3. Liga","64","65","64","65"
"FC Hermannstadt",NA,"SUPERLIGA","64","64","65","65"
"St. Johnstone","Scotland","cinch Prem","63","66","64","65"
"River Plate","CONMEBOL","Sudamericana","63","65","67","65"
"Club Nacional","CONMEBOL","Sudamericana","63","65","66","65"
"Niort","France","Ligue 2 BKT","63","65","65","65"
"Everton de Viña","CONMEBOL","Sudamericana","63","64","70","65"
"Barcelona SC","CONMEBOL","Sudamericana","60","66","64","65"
"Henan SSLM FC","China","CSL","74","64","64","64"
"Changchun Yatai","China","CSL","69","62","62","64"
"SCR Altach","Austria","Ö. Bundesliga","66","64","64","64"
"Górnik Zabrze","Poland","PKO Ekstraklasa","66","64","62","64"
"Cambridge Utd","England","EFL League One","66","63","65","64"
"AC Horsens","Denmark","3F Superliga","66","63","64","64"
"İstanbulspor","Turkey","Süper Lig","66","63","62","64"
"Perth Glory","Australia","A-League","66","60","63","64"
"Al Batin","Saudi Arabia","ROSHN Saudi League","65","67","59","64"
"Well. Phoenix","Australia","A-League","65","66","62","64"
"9 de Octubre FC","CONMEBOL","Sudamericana","65","65","64","64"
"St. Mirren","Scotland","cinch Prem","65","65","64","64"
"Rot-Weiss Essen","Germany","3. Liga","65","65","64","64"
"AFC Chindia",NA,"SUPERLIGA","65","64","63","64"
"Korona Kielce","Poland","PKO Ekstraklasa","65","64","63","64"
"FC Winterthur","Switzerland","CSSL","65","64","62","64"
"Fleetwood Town","England","EFL League One","65","63","65","64"
"Hallescher FC","Germany","3. Liga","65","63","64","64"
"Unión Española","CONMEBOL","Sudamericana","65","60","67","64"
"Hnos. Colmenárez","CONMEBOL","Sudamericana","64","65","65","64"
"SV Elversberg","Germany","3. Liga","64","65","65","64"
"SC Bastia","France","Ligue 2 BKT","64","65","63","64"
"Ross County","Scotland","cinch Prem","64","65","62","64"
"Mushuc Runa","CONMEBOL","Sudamericana","64","64","64","64"
"MK Dons","England","EFL League One","64","64","64","64"
"FC Petrolul",NA,"SUPERLIGA","64","64","63","64"
"SC Austria","Austria","Ö. Bundesliga","64","64","63","64"
"Livingston","Scotland","cinch Prem","64","64","63","64"
"Widzew Łódź","Poland","PKO Ekstraklasa","64","64","63","64"
"SV Meppen","Germany","3. Liga","64","64","62","64"
"Bristol Rovers","England","EFL League One","64","64","62","64"
"Warta Poznań","Poland","PKO Ekstraklasa","64","63","66","64"
"Motherwell","Scotland","cinch Prem","64","63","65","64"
"Exeter City","England","EFL League One","64","63","64","64"
"FC Argeș",NA,"SUPERLIGA","64","63","63","64"
"MSV Duisburg","Germany","3. Liga","64","63","63","64"
"Lincoln City","England","EFL League One","64","63","63","64"
"FCU 1948",NA,"SUPERLIGA","63","65","64","64"
"Royal Pari","CONMEBOL","Sudamericana","63","65","63","64"
"Ayacucho","CONMEBOL","Sudamericana","63","65","63","64"
"Stal Mielec","Poland","PKO Ekstraklasa","63","64","64","64"
"Wilstermann","CONMEBOL","Sudamericana","63","64","64","64"
"Kilmarnock","Scotland","cinch Prem","63","64","64","64"
"Burton Albion","England","EFL League One","63","63","64","64"
"Cheltenham Town","England","EFL League One","63","62","63","64"
"HJK Helsinki",NA,"Rest of World","62","64","63","64"
"Ñublense","CONMEBOL","Sudamericana","62","63","65","64"
"Adelaide United","Australia","A-League","61","67","62","64"
"Patronato","Argentina","LPF","61","65","65","64"
"Macarthur FC","Australia","A-League","61","65","63","64"
"FSV Zwickau","Germany","3. Liga","61","64","64","64"
"Shrewsbury","England","EFL League One","60","66","66","64"
"Aldosivi","Argentina","LPF","59","65","65","64"
"Newcastle Jets","Australia","A-League","66","65","62","63"
"Dep. Táchira","Brazil","Libertadores","66","63","64","63"
"Rongcheng FC","China","CSL","66","62","63","63"
"Antofagasta","CONMEBOL","Sudamericana","65","63","63","63"
"Wrexham AFC",NA,"Rest of World","65","63","62","63"
"Zhejiang Pro","China","CSL","64","65","61","63"
"Forest Green","England","EFL League One","64","64","63","63"
"B. Dortmund II","Germany","3. Liga","64","63","63","63"
"VfB Oldenburg","Germany","3. Liga","64","63","63","63"
"Lyngby BK","Denmark","3F Superliga","64","63","62","63"
"FK Haugesund","Norway","Eliteserien","64","62","64","63"
"Shamrock Rovers","Republic of Ireland","SSE Airtricity PD","64","62","63","63"
"Central Coast","Australia","A-League","64","62","62","63"
"FC Botoșani",NA,"SUPERLIGA","63","64","63","63"
"SC Verl","Germany","3. Liga","63","64","63","63"
"Port Vale","England","EFL League One","63","64","63","63"
"Salford City","England","EFL League Two","63","63","63","63"
"IK Sirius","Sweden","Allsvenskan","63","63","63","63"
"CS Mioveni",NA,"SUPERLIGA","63","63","63","63"
"O. Petrolero","CONMEBOL","Sudamericana","63","63","63","63"
"Stockport","England","EFL League Two","63","63","62","63"
"SpVgg Bayreuth","Germany","3. Liga","63","62","62","63"
"Sol de América","CONMEBOL","Sudamericana","62","64","63","63"
"Kalmar FF","Sweden","Allsvenskan","62","64","63","63"
"Strømsgodset IF","Norway","Eliteserien","62","64","63","63"
"Morecambe","England","EFL League One","62","64","63","63"
"Stevenage","England","EFL League Two","62","63","63","63"
"Bradford City","England","EFL League Two","62","63","62","63"
"Sarpsborg 08","Norway","Eliteserien","61","65","63","63"
"ATK Mohun Bagan","India","Hero ISL","61","65","61","63"
"Accrington","England","EFL League One","61","65","61","63"
"Leyton Orient","England","EFL League Two","61","63","63","63"
"Northampton","England","EFL League Two","61","63","63","63"
"Aalesunds FK","Norway","Eliteserien","61","63","62","63"
"Est. de Mérida","CONMEBOL","Sudamericana","60","64","62","63"
"Caracas F.C.","Brazil","Libertadores","59","64","64","63"
"Gral. Caballero","CONMEBOL","Sudamericana","58","63","62","63"
"Walsall","England","EFL League Two","64","61","62","62"
"HamKam Fotball","Norway","Eliteserien","64","60","62","62"
"Swindon Town","England","EFL League Two","64","60","61","62"
"Mumbai City FC","India","Hero ISL","63","65","60","62"
"Mansfield Town","England","EFL League Two","63","63","61","62"
"SC Freiburg II","Germany","3. Liga","63","62","63","62"
"Kristiansund BK","Norway","Eliteserien","63","62","62","62"
"AFC Wimbledon","England","EFL League Two","63","62","61","62"
"Gillingham","England","EFL League Two","63","62","61","62"
"Carlisle United","England","EFL League Two","62","64","62","62"
"Brisbane Roar","Australia","A-League","62","63","63","62"
"Degerfors IF","Sweden","Allsvenskan","62","63","62","62"
"Barrow","England","EFL League Two","62","62","62","62"
"Doncaster","England","EFL League Two","62","62","61","62"
"Mjällby AIF","Sweden","Allsvenskan","61","62","63","62"
"Harrogate Town","England","EFL League Two","61","62","61","62"
"Colchester","England","EFL League Two","61","61","61","62"
"Sandefjord","Norway","Eliteserien","61","60","62","62"
"IFK Värnamo","Sweden","Allsvenskan","60","63","62","62"
"Tranmere Rovers","England","EFL League Two","60","62","64","62"
"Tromsø IL","Norway","Eliteserien","59","63","63","62"
"Guabirá","CONMEBOL","Sudamericana","59","62","62","62"
"Varbergs BoIS","Sweden","Allsvenskan","59","61","62","62"
"Cangzhou FC","China","CSL","70","58","62","61"
"Kerala Blasters","India","Hero ISL","66","62","60","61"
"Wuhan FC","China","CSL","66","62","59","61"
"Bengaluru FC","India","Hero ISL","65","59","61","61"
"Tianjin JMT FC","China","CSL","64","62","59","61"
"Crawley Town","England","EFL League Two","63","61","60","61"
"GIF Sundsvall","Sweden","Allsvenskan","63","59","62","61"
"FK Jerv","Norway","Eliteserien","62","61","60","61"
"Sutton United","England","EFL League Two","61","62","62","61"
"Odds BK","Norway","Eliteserien","61","62","62","61"
"Grimsby Town","England","EFL League Two","61","62","62","61"
"Helsingborgs IF","Sweden","Allsvenskan","61","62","61","61"
"St. Pats","Republic of Ireland","SSE Airtricity PD","61","61","61","61"
"Derry City","Republic of Ireland","SSE Airtricity PD","61","61","60","61"
"Newport County","England","EFL League Two","61","60","61","61"
"Hyderabad FC","India","Hero ISL","60","64","59","61"
"Rochdale","England","EFL League Two","60","62","60","61"
"Guangzhou City","China","CSL","60","61","62","61"
"Guangzhou FC","China","CSL","60","61","59","61"
"Hartlepool","England","EFL League Two","60","61","59","61"
"Seongnam FC","South Korea","K League 1","60","61","57","61"
"Crewe Alexandra","England","EFL League Two","60","60","60","61"
"FC Goa","India","Hero ISL","66","60","59","60"
"Dundalk","Republic of Ireland","SSE Airtricity PD","64","60","59","60"
"Meizhou Hakka","China","CSL","61","59","63","60"
"Dalian Pro","China","CSL","59","58","59","60"
"Chennaiyin FC","India","Hero ISL","61","60","57","59"
"Sligo Rovers","Republic of Ireland","SSE Airtricity PD","60","58","60","59"
"Bohemian FC","Republic of Ireland","SSE Airtricity PD","59","60","57","59"
"Jamshedpur FC","India","Hero ISL","61","57","57","58"
"East Bengal","India","Hero ISL","60","60","56","58"
"Odisha FC","India","Hero ISL","60","58","58","58"
"Shelbourne","Republic of Ireland","SSE Airtricity PD","59","57","59","58"
"NorthEast United","India","Hero ISL","61","55","56","57"
"Finn Harps","Republic of Ireland","SSE Airtricity PD","55","57","57","57"
"Drogheda United","Republic of Ireland","SSE Airtricity PD","55","56","55","56"
"Hebei FC","China","CSL","55","54","57","55"
"UCD AFC","Republic of Ireland","SSE Airtricity PD","51","53","56","54"
"Free Agents",NA,"Free Agents","0","0","0","0"
